id,dt,niter,Re,gama,Minf,Pr,Core Count,order,grid,time,Enstrophy,Kinetic Energy,Kinetic Energy Dissipation Rate
0,0.002337494534,8556,800.0,1.4,0.1,0.71,8,2,65,0.24777442059562355,0.7527712679061033,0.12476793150200872,0.0009409640848826291
0,0.002337494534,8556,800.0,1.4,0.1,0.71,8,2,65,0.4955488411912471,0.7658302506797409,0.12453388223855713,0.000957287813349676
0,0.002337494534,8556,800.0,1.4,0.1,0.71,8,2,65,0.7433232617868706,0.7891429485963556,0.12429427903072202,0.0009864286857454445
0,0.002337494534,8556,800.0,1.4,0.1,0.71,8,2,65,0.9910976823824942,0.8236695847314741,0.12404616674999777,0.0010295869809143427
0,0.002337494534,8556,800.0,1.4,0.1,0.71,8,2,65,1.2388721029781176,0.8706653623686454,0.12378604257819338,0.0010883317029608069
0,0.002337494534,8556,800.0,1.4,0.1,0.71,8,2,65,1.4866465235737412,0.9315858697537129,0.12350798375953427,0.001164482337192141
0,0.002337494534,8556,800.0,1.4,0.1,0.71,8,2,65,1.7344209441693648,1.008013094383507,0.12320928835446752,0.0012600163679793838
0,0.002337494534,8556,800.0,1.4,0.1,0.71,8,2,65,1.9821953647649884,1.101476708142542,0.12288540267032737,0.0013768458851781775
0,0.002337494534,8556,800.0,1.4,0.1,0.71,8,2,65,2.2299697853606117,1.2133310995946747,0.12253018082842572,0.0015166638744933433
0,0.002337494534,8556,800.0,1.4,0.1,0.71,8,2,65,2.477744205956235,1.3446745794886585,0.12213681496259574,0.0016808432243608231
0,0.002337494534,8556,800.0,1.4,0.1,0.71,8,2,65,2.725518626551859,1.496561115613093,0.12169924808706278,0.0018707013945163662
0,0.002337494534,8556,800.0,1.4,0.1,0.71,8,2,65,2.9732930471474823,1.6706475313582414,0.12120988479412535,0.002088309414197802
0,0.002337494534,8556,800.0,1.4,0.1,0.71,8,2,65,3.221067467743106,1.8702423807304138,0.12065974221165221,0.0023378029759130174
0,0.002337494534,8556,800.0,1.4,0.1,0.71,8,2,65,3.4688418883387295,2.1016124868178476,0.12003961107542957,0.0026270156085223097
0,0.002337494534,8556,800.0,1.4,0.1,0.71,8,2,65,3.716616308934353,2.374918773515295,0.11933465696423236,0.002968648466894119
0,0.002337494534,8556,800.0,1.4,0.1,0.71,8,2,65,3.9643907295299767,2.7027570968813,0.1185267290892246,0.003378446371101625
0,0.002337494534,8556,800.0,1.4,0.1,0.71,8,2,65,4.2121651501256,3.096132302000013,0.1175917579463831,0.003870165377500016
0,0.002337494534,8556,800.0,1.4,0.1,0.71,8,2,65,4.4599395707212235,3.5602003459138785,0.11650291564720569,0.004450250432392348
0,0.002337494534,8556,800.0,1.4,0.1,0.71,8,2,65,4.707713991316847,4.074901943353888,0.11523344732941634,0.00509362742919236
0,0.002337494534,8556,800.0,1.4,0.1,0.71,8,2,65,4.95548841191247,4.5697494384936554,0.11377430869205171,0.005712186798117069
0,0.002337494534,8556,800.0,1.4,0.1,0.71,8,2,65,5.203262832508094,4.974457944360021,0.11215012194441099,0.006218072430450027
0,0.002337494534,8556,800.0,1.4,0.1,0.71,8,2,65,5.451037253103718,5.272944637813643,0.11040435655905809,0.006591180797267053
0,0.002337494534,8556,800.0,1.4,0.1,0.71,8,2,65,5.698811673699341,5.519770417998352,0.10857359635662595,0.006899713022497939
0,0.002337494534,8556,800.0,1.4,0.1,0.71,8,2,65,5.946586094294965,5.764622398817214,0.10666771143626008,0.007205777998521517
0,0.002337494534,8556,800.0,1.4,0.1,0.71,8,2,65,6.1943605148905885,6.013171079485576,0.10468029046857492,0.00751646384935697
0,0.002337494534,8556,800.0,1.4,0.1,0.71,8,2,65,6.442134935486212,6.226644651192182,0.10260647996833851,0.0077833058139902276
0,0.002337494534,8556,800.0,1.4,0.1,0.71,8,2,65,6.689909356081835,6.393383468378582,0.10045697601067624,0.007991729335473229
0,0.002337494534,8556,800.0,1.4,0.1,0.71,8,2,65,6.937683776677459,6.535049025539205,0.09824467041439389,0.008168811281924006
0,0.002337494534,8556,800.0,1.4,0.1,0.71,8,2,65,7.185458197273083,6.6615475724028,0.09597631926447754,0.0083269344655035
0,0.002337494534,8556,800.0,1.4,0.1,0.71,8,2,65,7.433232617868706,6.791303650219275,0.093651687048276,0.008489129562774094
0,0.002337494534,8556,800.0,1.4,0.1,0.71,8,2,65,7.68100703846433,7.013648106066018,0.0912580974420305,0.008767060132582523
0,0.002337494534,8556,800.0,1.4,0.1,0.71,8,2,65,7.9287814590599535,7.460272777189308,0.08874388007352119,0.009325340971486636
0,0.002337494534,8556,800.0,1.4,0.1,0.71,8,2,65,8.176555879655577,8.04696000506783,0.0860216360786951,0.010058700006334787
0,0.002337494534,8556,800.0,1.4,0.1,0.71,8,2,65,8.4243303002512,8.401898617003994,0.0830770847245843,0.010502373271254993
0,0.002337494534,8556,800.0,1.4,0.1,0.71,8,2,65,8.672104720846823,8.364035442290074,0.08002687717924999,0.010455044302862593
0,0.002337494534,8556,800.0,1.4,0.1,0.71,8,2,65,8.919879141442447,8.16680064937554,0.07698170126583288,0.010208500811719425
0,0.002337494534,8556,800.0,1.4,0.1,0.71,8,2,65,9.16765356203807,7.831876340195908,0.0740065655523546,0.009789845425244885
0,0.002337494534,8556,800.0,1.4,0.1,0.71,8,2,65,9.415427982633695,7.472286877067484,0.07117974344770063,0.009340358596334355
0,0.002337494534,8556,800.0,1.4,0.1,0.71,8,2,65,9.663202403229318,7.198270853197998,0.06849742361946945,0.008997838566497498
0,0.002337494534,8556,800.0,1.4,0.1,0.71,8,2,65,9.91097682382494,7.010721328901931,0.06592359244161657,0.008763401661127414
0,0.002337494534,8556,800.0,1.4,0.1,0.71,8,2,65,10.158751244420564,6.862629906378165,0.06342356084785501,0.008578287382972706
0,0.002337494534,8556,800.0,1.4,0.1,0.71,8,2,65,10.406525665016188,6.717142385087162,0.060976350367802586,0.008396427981358952
0,0.002337494534,8556,800.0,1.4,0.1,0.71,8,2,65,10.654300085611812,6.562492380918303,0.05857909208653023,0.008203115476147878
0,0.002337494534,8556,800.0,1.4,0.1,0.71,8,2,65,10.902074506207436,6.377229941646268,0.056238138750011914,0.007971537427057836
0,0.002337494534,8556,800.0,1.4,0.1,0.71,8,2,65,11.14984892680306,6.133956282446687,0.05397075724734929,0.007667445353058359
0,0.002337494534,8556,800.0,1.4,0.1,0.71,8,2,65,11.397623347398682,5.834263302044919,0.05180173104590108,0.007292829127556149
0,0.002337494534,8556,800.0,1.4,0.1,0.71,8,2,65,11.645397767994305,5.491428628563053,0.04975228695220381,0.006864285785703817
0,0.002337494534,8556,800.0,1.4,0.1,0.71,8,2,65,11.89317218858993,5.1394917886591385,0.04783682475676638,0.006424364735823923
0,0.002337494534,8556,800.0,1.4,0.1,0.71,8,2,65,12.140946609185553,4.807012110697664,0.04605738342274456,0.0060087651383720795
0,0.002337494534,8556,800.0,1.4,0.1,0.71,8,2,65,12.388721029781177,4.501426136315639,0.04440345693054938,0.005626782670394549
0,0.002337494534,8556,800.0,1.4,0.1,0.71,8,2,65,12.6364954503768,4.222120413473068,0.042861370834972136,0.0052776505168413345
0,0.002337494534,8556,800.0,1.4,0.1,0.71,8,2,65,12.884269870972425,3.9682322930720426,0.041419324204762825,0.004960290366340053
0,0.002337494534,8556,800.0,1.4,0.1,0.71,8,2,65,13.132044291568047,3.7428262913476935,0.04006664657888761,0.004678532864184617
0,0.002337494534,8556,800.0,1.4,0.1,0.71,8,2,65,13.37981871216367,3.5505030414637195,0.038791546392482,0.004438128801829649
0,0.002337494534,8556,800.0,1.4,0.1,0.71,8,2,65,13.627593132759294,3.384846138353617,0.03758164005553297,0.004231057672942021
0,0.002337494534,8556,800.0,1.4,0.1,0.71,8,2,65,13.875367553354918,3.2325388929034,0.03642755189872426,0.00404067361612925
0,0.002337494534,8556,800.0,1.4,0.1,0.71,8,2,65,14.123141973950542,3.085030432280996,0.03532563801718929,0.003856288040351245
0,0.002337494534,8556,800.0,1.4,0.1,0.71,8,2,65,14.370916394546166,2.941519506103852,0.03427547146657497,0.0036768993826298154
0,0.002337494534,8556,800.0,1.4,0.1,0.71,8,2,65,14.618690815141788,2.804437054884407,0.033276258043734526,0.0035055463186055087
0,0.002337494534,8556,800.0,1.4,0.1,0.71,8,2,65,14.866465235737412,2.6762063308311577,0.03232642936201592,0.003345257913538947
0,0.002337494534,8556,800.0,1.4,0.1,0.71,8,2,65,15.114239656333035,2.5581350309351625,0.031422724609637444,0.003197668788668953
0,0.002337494534,8556,800.0,1.4,0.1,0.71,8,2,65,15.36201407692866,2.4501695805988257,0.030561382231538117,0.003062711975748532
0,0.002337494534,8556,800.0,1.4,0.1,0.71,8,2,65,15.609788497524283,2.3519037475352222,0.029738222446038975,0.002939879684419028
0,0.002337494534,8556,800.0,1.4,0.1,0.71,8,2,65,15.857562918119907,2.2630748272440684,0.028949206251001305,0.0028288435340550855
0,0.002337494534,8556,800.0,1.4,0.1,0.71,8,2,65,16.10533733871553,2.182965304124255,0.02819063444074967,0.0027287066301553186
0,0.002337494534,8556,800.0,1.4,0.1,0.71,8,2,65,16.353111759311155,2.110065598123916,0.02745896013695381,0.002637581997654895
0,0.002337494534,8556,800.0,1.4,0.1,0.71,8,2,65,16.600886179906777,2.0427476540991933,0.026751837624171694,0.0025534345676239915
0,0.002337494534,8556,800.0,1.4,0.1,0.71,8,2,65,16.8486606005024,1.9795417703211147,0.02606755038092914,0.0024744272129013935
0,0.002337494534,8556,800.0,1.4,0.1,0.71,8,2,65,17.096435021098024,1.9187097010227572,0.025404756507721327,0.0023983871262784466
0,0.002337494534,8556,800.0,1.4,0.1,0.71,8,2,65,17.344209441693646,1.8582086220372656,0.02476299980845389,0.002322760777546582
0,0.002337494534,8556,800.0,1.4,0.1,0.71,8,2,65,17.591983862289272,1.7967570394138495,0.024142829825237216,0.002245946299267312
0,0.002337494534,8556,800.0,1.4,0.1,0.71,8,2,65,17.839758282884894,1.7349162602105288,0.023544422151466626,0.002168645325263161
0,0.002337494534,8556,800.0,1.4,0.1,0.71,8,2,65,18.08753270348052,1.6745408489082951,0.02296771514755671,0.002093176061135369
0,0.002337494534,8556,800.0,1.4,0.1,0.71,8,2,65,18.33530712407614,1.6171562263519708,0.02241217191926042,0.0020214452829399633
0,0.002337494534,8556,800.0,1.4,0.1,0.71,8,2,65,18.583081544671764,1.563124163360612,0.021876370433298653,0.001953905204200765
0,0.002337494534,8556,800.0,1.4,0.1,0.71,8,2,65,18.83085596526739,1.5120449914730911,0.021359199032242423,0.001890056239341364
0,0.002337494534,8556,800.0,1.4,0.1,0.71,8,2,65,19.07863038586301,1.463393586376,0.020859661015448977,0.00182924198297
0,0.002337494534,8556,800.0,1.4,0.1,0.71,8,2,65,19.326404806458637,1.4168390025239406,0.020376938965039428,0.0017710487531549257
0,0.002337494534,8556,800.0,1.4,0.1,0.71,8,2,65,19.57417922705426,1.3721739281978609,0.019910319989714497,0.0017152174102473261
0,0.002337494534,8556,800.0,1.4,0.1,0.71,8,2,65,19.82195364764988,1.329115600184214,0.01945901824493515,0.0016613945002302674
1,0.002337494534,8556,800.0,1.4,0.1,0.71,8,4,65,0.24777442059562355,0.7534045778262213,0.12476797554601875,0.0009417557222827766
1,0.002337494534,8556,800.0,1.4,0.1,0.71,8,4,65,0.4955488411912471,0.7665658251502702,0.12453398983283175,0.0009582072814378378
1,0.002337494534,8556,800.0,1.4,0.1,0.71,8,4,65,0.7433232617868706,0.7900714646156108,0.12429428311305284,0.0009875893307695136
1,0.002337494534,8556,800.0,1.4,0.1,0.71,8,4,65,0.9910976823824942,0.8249227698794045,0.12404596128785744,0.0010311534623492556
1,0.002337494534,8556,800.0,1.4,0.1,0.71,8,4,65,1.2388721029781176,0.8724477773408686,0.123785644651654,0.0010905597216760857
1,0.002337494534,8556,800.0,1.4,0.1,0.71,8,4,65,1.4866465235737412,0.9342268209048455,0.12350736015260037,0.0011677835261310568
1,0.002337494534,8556,800.0,1.4,0.1,0.71,8,4,65,1.7344209441693648,1.0120507410962145,0.12320836193316001,0.0012650634263702682
1,0.002337494534,8556,800.0,1.4,0.1,0.71,8,4,65,1.9821953647649884,1.1077676088993909,0.12288378295072172,0.0013847095111242387
1,0.002337494534,8556,800.0,1.4,0.1,0.71,8,4,65,2.2299697853606117,1.223144992356407,0.12252730893224689,0.0015289312404455089
1,0.002337494534,8556,800.0,1.4,0.1,0.71,8,4,65,2.477744205956235,1.3596808131361164,0.12213248176781648,0.0016996010164201456
1,0.002337494534,8556,800.0,1.4,0.1,0.71,8,4,65,2.725518626551859,1.5186629023580598,0.12169237286456866,0.0018983286279475747
1,0.002337494534,8556,800.0,1.4,0.1,0.71,8,4,65,2.9732930471474823,1.7018282259777455,0.1211994345958156,0.002127285282472182
1,0.002337494534,8556,800.0,1.4,0.1,0.71,8,4,65,3.221067467743106,1.912795215512732,0.12064413168141849,0.0023909940193909147
1,0.002337494534,8556,800.0,1.4,0.1,0.71,8,4,65,3.4688418883387295,2.1592884711990328,0.12001748735608943,0.002699110588998791
1,0.002337494534,8556,800.0,1.4,0.1,0.71,8,4,65,3.716616308934353,2.4551682294703716,0.11930413143940147,0.0030689602868379643
1,0.002337494534,8556,800.0,1.4,0.1,0.71,8,4,65,3.9643907295299767,2.8178103818330285,0.11848423671182498,0.0035222629772912856
1,0.002337494534,8556,800.0,1.4,0.1,0.71,8,4,65,4.2121651501256,3.2589874326525554,0.11753224706077992,0.004073734290815694
1,0.002337494534,8556,800.0,1.4,0.1,0.71,8,4,65,4.4599395707212235,3.77764897957233,0.11641903538819973,0.004722061224465413
1,0.002337494534,8556,800.0,1.4,0.1,0.71,8,4,65,4.707713991316847,4.340104008686958,0.11512359277169962,0.005425130010858698
1,0.002337494534,8556,800.0,1.4,0.1,0.71,8,4,65,4.95548841191247,4.869320959881121,0.11364655764013837,0.006086651199851401
1,0.002337494534,8556,800.0,1.4,0.1,0.71,8,4,65,5.203262832508094,5.300410427805839,0.11201440063760586,0.006625513034757299
1,0.002337494534,8556,800.0,1.4,0.1,0.71,8,4,65,5.451037253103718,5.625906353037845,0.11026303787910872,0.007032382941297306
1,0.002337494534,8556,800.0,1.4,0.1,0.71,8,4,65,5.698811673699341,5.890986672418321,0.10842449697535896,0.0073637333405229015
1,0.002337494534,8556,800.0,1.4,0.1,0.71,8,4,65,5.946586094294965,6.146864634729985,0.10651040821850863,0.007683580793412481
1,0.002337494534,8556,800.0,1.4,0.1,0.71,8,4,65,6.1943605148905885,6.397304243671119,0.10451793552743877,0.007996630304588899
1,0.002337494534,8556,800.0,1.4,0.1,0.71,8,4,65,6.442134935486212,6.631429101456834,0.10244664121475186,0.008289286376821043
1,0.002337494534,8556,800.0,1.4,0.1,0.71,8,4,65,6.689909356081835,6.853080804508372,0.10029796374270022,0.008566351005635466
1,0.002337494534,8556,800.0,1.4,0.1,0.71,8,4,65,6.937683776677459,7.068927766463685,0.09807368373950236,0.008836159708079607
1,0.002337494534,8556,800.0,1.4,0.1,0.71,8,4,65,7.185458197273083,7.268561558511754,0.09577563355337387,0.009085701948139693
1,0.002337494534,8556,800.0,1.4,0.1,0.71,8,4,65,7.433232617868706,7.476416301606352,0.09340785138493839,0.00934552037700794
1,0.002337494534,8556,800.0,1.4,0.1,0.71,8,4,65,7.68100703846433,7.865212943220009,0.09094224815896487,0.009831516179025012
1,0.002337494534,8556,800.0,1.4,0.1,0.71,8,4,65,7.9287814590599535,8.400907154802972,0.08831099800297808,0.010501133943503715
1,0.002337494534,8556,800.0,1.4,0.1,0.71,8,4,65,8.176555879655577,8.765527195361747,0.08551427825049793,0.010956908994202184
1,0.002337494534,8556,800.0,1.4,0.1,0.71,8,4,65,8.4243303002512,8.870487353380428,0.0826401374191685,0.011088109191725535
1,0.002337494534,8556,800.0,1.4,0.1,0.71,8,4,65,8.672104720846823,8.817686055535257,0.07974460448130674,0.01102210756941907
1,0.002337494534,8556,800.0,1.4,0.1,0.71,8,4,65,8.919879141442447,8.670641858422632,0.07687366411001578,0.010838302323028291
1,0.002337494534,8556,800.0,1.4,0.1,0.71,8,4,65,9.16765356203807,8.442100302073543,0.07406133742347268,0.01055262537759193
1,0.002337494534,8556,800.0,1.4,0.1,0.71,8,4,65,9.415427982633695,8.226674309259188,0.07132414071711414,0.010283342886573985
1,0.002337494534,8556,800.0,1.4,0.1,0.71,8,4,65,9.663202403229318,8.034374199221817,0.06866028454563353,0.010042967749027272
1,0.002337494534,8556,800.0,1.4,0.1,0.71,8,4,65,9.91097682382494,7.888960344949765,0.06605130916595378,0.009861200431187206
1,0.002337494534,8556,800.0,1.4,0.1,0.71,8,4,65,10.158751244420564,7.777359914376156,0.06348107066804677,0.009721699892970195
1,0.002337494534,8556,800.0,1.4,0.1,0.71,8,4,65,10.406525665016188,7.612312027647295,0.06095908155974381,0.00951539003455912
1,0.002337494534,8556,800.0,1.4,0.1,0.71,8,4,65,10.654300085611812,7.356965308019761,0.05851264141050774,0.009196206635024701
1,0.002337494534,8556,800.0,1.4,0.1,0.71,8,4,65,10.902074506207436,7.011980032179758,0.05616593049070097,0.008764975040224698
1,0.002337494534,8556,800.0,1.4,0.1,0.71,8,4,65,11.14984892680306,6.6087661624701255,0.05394061517431658,0.008260957703087657
1,0.002337494534,8556,800.0,1.4,0.1,0.71,8,4,65,11.397623347398682,6.165670705659776,0.05185413157742785,0.007707088382074721
1,0.002337494534,8556,800.0,1.4,0.1,0.71,8,4,65,11.645397767994305,5.691738034327944,0.04992146060271544,0.00711467254290993
1,0.002337494534,8556,800.0,1.4,0.1,0.71,8,4,65,11.89317218858993,5.226783267655451,0.048148529754707375,0.006533479084569313
1,0.002337494534,8556,800.0,1.4,0.1,0.71,8,4,65,12.140946609185553,4.826019519694182,0.04652272040761737,0.006032524399617728
1,0.002337494534,8556,800.0,1.4,0.1,0.71,8,4,65,12.388721029781177,4.500981330845486,0.045017792260686765,0.005626226663556857
1,0.002337494534,8556,800.0,1.4,0.1,0.71,8,4,65,12.6364954503768,4.238743020833761,0.043608496018523527,0.005298428776042201
1,0.002337494534,8556,800.0,1.4,0.1,0.71,8,4,65,12.884269870972425,4.0243496937610255,0.04227690692199306,0.005030437117201282
1,0.002337494534,8556,800.0,1.4,0.1,0.71,8,4,65,13.132044291568047,3.84319875955874,0.04101076966681191,0.004803998449448425
1,0.002337494534,8556,800.0,1.4,0.1,0.71,8,4,65,13.37981871216367,3.678547073820959,0.03980218625403683,0.004598183842276199
1,0.002337494534,8556,800.0,1.4,0.1,0.71,8,4,65,13.627593132759294,3.5132759954768082,0.038646700534912204,0.0043915949943460104
1,0.002337494534,8556,800.0,1.4,0.1,0.71,8,4,65,13.875367553354918,3.3417251078039043,0.037544790690469856,0.00417715638475488
1,0.002337494534,8556,800.0,1.4,0.1,0.71,8,4,65,14.123141973950542,3.1706702033972283,0.03649840178625097,0.003963337754246535
1,0.002337494534,8556,800.0,1.4,0.1,0.71,8,4,65,14.370916394546166,3.010626335948627,0.03550637104382862,0.0037632829199357835
1,0.002337494534,8556,800.0,1.4,0.1,0.71,8,4,65,14.618690815141788,2.8694290546176595,0.034564954315839315,0.0035867863182720743
1,0.002337494534,8556,800.0,1.4,0.1,0.71,8,4,65,14.866465235737412,2.7492371431618126,0.033667727556266513,0.0034365464289522656
1,0.002337494534,8556,800.0,1.4,0.1,0.71,8,4,65,15.114239656333035,2.645875974095595,0.03280789732454694,0.003307344967619494
1,0.002337494534,8556,800.0,1.4,0.1,0.71,8,4,65,15.36201407692866,2.5530991648261523,0.03198000524511819,0.0031913739560326905
1,0.002337494534,8556,800.0,1.4,0.1,0.71,8,4,65,15.609788497524283,2.467055642449835,0.03118070447738405,0.0030838195530622937
1,0.002337494534,8556,800.0,1.4,0.1,0.71,8,4,65,15.857562918119907,2.3858763719998697,0.03040828410419294,0.002982345464999837
1,0.002337494534,8556,800.0,1.4,0.1,0.71,8,4,65,16.10533733871553,2.30824134095156,0.029661393366385864,0.00288530167618945
1,0.002337494534,8556,800.0,1.4,0.1,0.71,8,4,65,16.353111759311155,2.233440632934892,0.02893950852957025,0.002791800791168615
1,0.002337494534,8556,800.0,1.4,0.1,0.71,8,4,65,16.600886179906777,2.1611974015705346,0.028242142469175707,0.0027014967519631682
1,0.002337494534,8556,800.0,1.4,0.1,0.71,8,4,65,16.8486606005024,2.091315414801708,0.02756849164598044,0.0026141442685021347
1,0.002337494534,8556,800.0,1.4,0.1,0.71,8,4,65,17.096435021098024,2.023526986363136,0.026917737498761724,0.00252940873295392
1,0.002337494534,8556,800.0,1.4,0.1,0.71,8,4,65,17.344209441693646,1.957747430389317,0.026289329479438364,0.002447184287986646
1,0.002337494534,8556,800.0,1.4,0.1,0.71,8,4,65,17.591983862289272,1.8942494701482184,0.025682202314092385,0.002367811837685273
1,0.002337494534,8556,800.0,1.4,0.1,0.71,8,4,65,17.839758282884894,1.8333732630300867,0.025095143242357523,0.0022917165787876086
1,0.002337494534,8556,800.0,1.4,0.1,0.71,8,4,65,18.08753270348052,1.7751570078201346,0.024527556719256025,0.0022189462597751682
1,0.002337494534,8556,800.0,1.4,0.1,0.71,8,4,65,18.33530712407614,1.7193187010298143,0.02397824181050566,0.002149148376287268
1,0.002337494534,8556,800.0,1.4,0.1,0.71,8,4,65,18.583081544671764,1.6654688445449546,0.023446285025667805,0.0020818360556811933
1,0.002337494534,8556,800.0,1.4,0.1,0.71,8,4,65,18.83085596526739,1.6132748920730733,0.022931304226114342,0.0020165936150913417
1,0.002337494534,8556,800.0,1.4,0.1,0.71,8,4,65,19.07863038586301,1.5625508338432268,0.022432544511884752,0.0019531885423040335
1,0.002337494534,8556,800.0,1.4,0.1,0.71,8,4,65,19.326404806458637,1.5132761615619394,0.021949551700317232,0.0018915952019524242
1,0.002337494534,8556,800.0,1.4,0.1,0.71,8,4,65,19.57417922705426,1.4655055954626524,0.021481968324771627,0.0018318819943283155
1,0.002337494534,8556,800.0,1.4,0.1,0.71,8,4,65,19.82195364764988,1.4192719522218742,0.02102928274868449,0.0017740899402773427
2,0.002337494534,8556,800.0,1.4,0.1,0.71,8,6,65,0.24777442059562355,0.7534049330010308,0.12476797571567501,0.0009417561662512885
2,0.002337494534,8556,800.0,1.4,0.1,0.71,8,6,65,0.4955488411912471,0.7665664115726405,0.12453399019477233,0.0009582080144658006
2,0.002337494534,8556,800.0,1.4,0.1,0.71,8,6,65,0.7433232617868706,0.7900725895527484,0.12429428326500452,0.0009875907369409356
2,0.002337494534,8556,800.0,1.4,0.1,0.71,8,6,65,0.9910976823824942,0.8249251310385038,0.12404596089906669,0.0010311564137981297
2,0.002337494534,8556,800.0,1.4,0.1,0.71,8,6,65,1.2388721029781176,0.8724531670224769,0.12378564372106898,0.001090566458778096
2,0.002337494534,8556,800.0,1.4,0.1,0.71,8,6,65,1.4866465235737412,0.9342402443938433,0.12350735811598033,0.0011678003054923043
2,0.002337494534,8556,800.0,1.4,0.1,0.71,8,6,65,1.7344209441693648,1.0120867237519073,0.12320835752528975,0.001265108404689884
2,0.002337494534,8556,800.0,1.4,0.1,0.71,8,6,65,1.9821953647649884,1.1078663688790158,0.12288377213378575,0.0013848329610987697
2,0.002337494534,8556,800.0,1.4,0.1,0.71,8,6,65,2.2299697853606117,1.2234019372473661,0.12252727988047944,0.0015292524215592077
2,0.002337494534,8556,800.0,1.4,0.1,0.71,8,6,65,2.477744205956235,1.360272372703531,0.12213241246837288,0.0017003404658794139
2,0.002337494534,8556,800.0,1.4,0.1,0.71,8,6,65,2.725518626551859,1.5198275029133905,0.12169221659959446,0.0018997843786417383
2,0.002337494534,8556,800.0,1.4,0.1,0.71,8,6,65,2.9732930471474823,1.7037952867771131,0.12119912831732026,0.0021297441084713914
2,0.002337494534,8556,800.0,1.4,0.1,0.71,8,6,65,3.221067467743106,1.9157691910351566,0.12064360906589597,0.0023947114887939457
2,0.002337494534,8556,800.0,1.4,0.1,0.71,8,6,65,3.4688418883387295,2.163724658171674,0.12001670814458029,0.0027046558227145925
2,0.002337494534,8556,800.0,1.4,0.1,0.71,8,6,65,3.716616308934353,2.462588374246007,0.1193031008902226,0.0030782354678075084
2,0.002337494534,8556,800.0,1.4,0.1,0.71,8,6,65,3.9643907295299767,2.8314745399536885,0.11848294389326687,0.0035393431749421106
2,0.002337494534,8556,800.0,1.4,0.1,0.71,8,6,65,4.2121651501256,3.2819927257892902,0.11753051442880924,0.0041024909072366125
2,0.002337494534,8556,800.0,1.4,0.1,0.71,8,6,65,4.4599395707212235,3.8101879093250015,0.11641665338972794,0.004762734886656252
2,0.002337494534,8556,800.0,1.4,0.1,0.71,8,6,65,4.707713991316847,4.381913275714345,0.11512148106200912,0.005477391594642931
2,0.002337494534,8556,800.0,1.4,0.1,0.71,8,6,65,4.95548841191247,4.9227284508613725,0.11364646512320511,0.0061534105635767155
2,0.002337494534,8556,800.0,1.4,0.1,0.71,8,6,65,5.203262832508094,5.3667474166823546,0.11201648039094549,0.0067084342708529435
2,0.002337494534,8556,800.0,1.4,0.1,0.71,8,6,65,5.451037253103718,5.699243333517017,0.11026642487969222,0.0071240541668962706
2,0.002337494534,8556,800.0,1.4,0.1,0.71,8,6,65,5.698811673699341,5.96688897094184,0.1084283232487435,0.007458611213677299
2,0.002337494534,8556,800.0,1.4,0.1,0.71,8,6,65,5.946586094294965,6.22139283278068,0.10651435141752515,0.00777674104097585
2,0.002337494534,8556,800.0,1.4,0.1,0.71,8,6,65,6.1943605148905885,6.477389128232354,0.10452197705060816,0.008096736410290442
2,0.002337494534,8556,800.0,1.4,0.1,0.71,8,6,65,6.442134935486212,6.723259639040731,0.10245007196643056,0.008404074548800914
2,0.002337494534,8556,800.0,1.4,0.1,0.71,8,6,65,6.689909356081835,6.958891655675279,0.10029880878230944,0.008698614569594098
2,0.002337494534,8556,800.0,1.4,0.1,0.71,8,6,65,6.937683776677459,7.182973396554974,0.09806964230574303,0.008978716745693718
2,0.002337494534,8556,800.0,1.4,0.1,0.71,8,6,65,7.185458197273083,7.376392029440665,0.09576995501764128,0.009220490036800831
2,0.002337494534,8556,800.0,1.4,0.1,0.71,8,6,65,7.433232617868706,7.601090305628261,0.09340384966228808,0.009501362882035326
2,0.002337494534,8556,800.0,1.4,0.1,0.71,8,6,65,7.68100703846433,8.00715379630792,0.090935007588759,0.0100089422453849
2,0.002337494534,8556,800.0,1.4,0.1,0.71,8,6,65,7.9287814590599535,8.510806230671172,0.08830474250432387,0.010638507788338964
2,0.002337494534,8556,800.0,1.4,0.1,0.71,8,6,65,8.176555879655577,8.843561422445688,0.08553301214078114,0.01105445177805711
2,0.002337494534,8556,800.0,1.4,0.1,0.71,8,6,65,8.4243303002512,8.992959935394289,0.08268879541382705,0.011241199919242861
2,0.002337494534,8556,800.0,1.4,0.1,0.71,8,6,65,8.672104720846823,8.994046976381437,0.07981030801838257,0.011242558720476796
2,0.002337494534,8556,800.0,1.4,0.1,0.71,8,6,65,8.919879141442447,8.94691554068976,0.0769352080636173,0.011183644425862201
2,0.002337494534,8556,800.0,1.4,0.1,0.71,8,6,65,9.16765356203807,8.800080982176613,0.07408035307165356,0.011000101227720766
2,0.002337494534,8556,800.0,1.4,0.1,0.71,8,6,65,9.415427982633695,8.548723838433892,0.07128378620557545,0.010685904798042364
2,0.002337494534,8556,800.0,1.4,0.1,0.71,8,6,65,9.663202403229318,8.273881700628495,0.06857845094248521,0.010342352125785619
2,0.002337494534,8556,800.0,1.4,0.1,0.71,8,6,65,9.91097682382494,8.015000581044585,0.06596119656341992,0.010018750726305732
2,0.002337494534,8556,800.0,1.4,0.1,0.71,8,6,65,10.158751244420564,7.792707115242842,0.0634209499148904,0.009740883894053552
2,0.002337494534,8556,800.0,1.4,0.1,0.71,8,6,65,10.406525665016188,7.585815573689276,0.06095786233355894,0.009482269467111594
2,0.002337494534,8556,800.0,1.4,0.1,0.71,8,6,65,10.654300085611812,7.357645045929051,0.05857520988658812,0.009197056307411314
2,0.002337494534,8556,800.0,1.4,0.1,0.71,8,6,65,10.902074506207436,7.072195341354997,0.05627659133334084,0.008840244176693747
2,0.002337494534,8556,800.0,1.4,0.1,0.71,8,6,65,11.14984892680306,6.699156295871478,0.05408110244068564,0.008373945369839347
2,0.002337494534,8556,800.0,1.4,0.1,0.71,8,6,65,11.397623347398682,6.264655097555478,0.05201472572398277,0.007830818871944346
2,0.002337494534,8556,800.0,1.4,0.1,0.71,8,6,65,11.645397767994305,5.811408654265702,0.05009175728252292,0.007264260817832127
2,0.002337494534,8556,800.0,1.4,0.1,0.71,8,6,65,11.89317218858993,5.388733153370989,0.04831303785004726,0.0067359164417137365
2,0.002337494534,8556,800.0,1.4,0.1,0.71,8,6,65,12.140946609185553,5.026612716432713,0.046663412473922014,0.006283265895540891
2,0.002337494534,8556,800.0,1.4,0.1,0.71,8,6,65,12.388721029781177,4.7213334677709256,0.0451208547067165,0.0059016668347136566
2,0.002337494534,8556,800.0,1.4,0.1,0.71,8,6,65,12.6364954503768,4.462301085308901,0.043667840578184125,0.005577876356636127
2,0.002337494534,8556,800.0,1.4,0.1,0.71,8,6,65,12.884269870972425,4.254736656193029,0.04229045544261329,0.005318420820241286
2,0.002337494534,8556,800.0,1.4,0.1,0.71,8,6,65,13.132044291568047,4.092524014453572,0.0409737883403534,0.005115655018066965
2,0.002337494534,8556,800.0,1.4,0.1,0.71,8,6,65,13.37981871216367,3.9449728634692924,0.03970693995103677,0.004931216079336616
2,0.002337494534,8556,800.0,1.4,0.1,0.71,8,6,65,13.627593132759294,3.7881589702654606,0.03848723962575664,0.004735198712831826
2,0.002337494534,8556,800.0,1.4,0.1,0.71,8,6,65,13.875367553354918,3.616110143593531,0.03731872397890835,0.004520137679491914
2,0.002337494534,8556,800.0,1.4,0.1,0.71,8,6,65,14.123141973950542,3.43292882085095,0.036206564677230046,0.004291161026063688
2,0.002337494534,8556,800.0,1.4,0.1,0.71,8,6,65,14.370916394546166,3.2463739415197836,0.035153195366220746,0.00405796742689973
2,0.002337494534,8556,800.0,1.4,0.1,0.71,8,6,65,14.618690815141788,3.063469229529428,0.034158988029018754,0.003829336536911785
2,0.002337494534,8556,800.0,1.4,0.1,0.71,8,6,65,14.866465235737412,2.8929166388809104,0.03322160269947933,0.003616145798601138
2,0.002337494534,8556,800.0,1.4,0.1,0.71,8,6,65,15.114239656333035,2.743939158286642,0.032335961081767825,0.003429923947858303
2,0.002337494534,8556,800.0,1.4,0.1,0.71,8,6,65,15.36201407692866,2.6192517825388912,0.031494569101588134,0.003274064728173614
2,0.002337494534,8556,800.0,1.4,0.1,0.71,8,6,65,15.609788497524283,2.5142827600930975,0.030689987066693996,0.003142853450116372
2,0.002337494534,8556,800.0,1.4,0.1,0.71,8,6,65,15.857562918119907,2.421243516597115,0.029916893542760926,0.0030265543957463934
2,0.002337494534,8556,800.0,1.4,0.1,0.71,8,6,65,16.10533733871553,2.3335262921288393,0.02917196164151598,0.002916907865161049
2,0.002337494534,8556,800.0,1.4,0.1,0.71,8,6,65,16.353111759311155,2.24783182002779,0.028454161680674685,0.0028097897750347374
2,0.002337494534,8556,800.0,1.4,0.1,0.71,8,6,65,16.600886179906777,2.163415177013768,0.027763269039478494,0.00270426897126721
2,0.002337494534,8556,800.0,1.4,0.1,0.71,8,6,65,16.8486606005024,2.0803515762774185,0.027098918389317116,0.002600439470346773
2,0.002337494534,8556,800.0,1.4,0.1,0.71,8,6,65,17.096435021098024,1.9990792152367716,0.026460689546799428,0.0024988490190459645
2,0.002337494534,8556,800.0,1.4,0.1,0.71,8,6,65,17.344209441693646,1.9205187723282278,0.02584818314696999,0.0024006484654102845
2,0.002337494534,8556,800.0,1.4,0.1,0.71,8,6,65,17.591983862289272,1.8456054825034796,0.025260181054613903,0.0023070068531293496
2,0.002337494534,8556,800.0,1.4,0.1,0.71,8,6,65,17.839758282884894,1.774809508652821,0.024695135337042155,0.0022185118858160263
2,0.002337494534,8556,800.0,1.4,0.1,0.71,8,6,65,18.08753270348052,1.708113070279351,0.024152088252982554,0.002135141337849189
2,0.002337494534,8556,800.0,1.4,0.1,0.71,8,6,65,18.33530712407614,1.6452382837692623,0.02362946372194059,0.0020565478547115777
2,0.002337494534,8556,800.0,1.4,0.1,0.71,8,6,65,18.583081544671764,1.5858370301074252,0.023125969168383255,0.0019822962876342816
2,0.002337494534,8556,800.0,1.4,0.1,0.71,8,6,65,18.83085596526739,1.5295528956875701,0.02264082607853837,0.0019119411196094626
2,0.002337494534,8556,800.0,1.4,0.1,0.71,8,6,65,19.07863038586301,1.4760656989821008,0.022172865273551026,0.001845082123727626
2,0.002337494534,8556,800.0,1.4,0.1,0.71,8,6,65,19.326404806458637,1.4251123797178937,0.021721255501174385,0.001781390474647367
2,0.002337494534,8556,800.0,1.4,0.1,0.71,8,6,65,19.57417922705426,1.376461455755851,0.021285314372460007,0.0017205768196948137
2,0.002337494534,8556,800.0,1.4,0.1,0.71,8,6,65,19.82195364764988,1.3299398384281242,0.02086428395430606,0.0016624247980351553
3,0.002337494534,8556,800.0,1.4,0.1,0.71,8,8,65,0.24777442059562355,0.7534049332951636,0.12476797571604714,0.0009417561666189545
3,0.002337494534,8556,800.0,1.4,0.1,0.71,8,8,65,0.4955488411912471,0.7665664125124567,0.12453399019537255,0.0009582080156405709
3,0.002337494534,8556,800.0,1.4,0.1,0.71,8,8,65,0.7433232617868706,0.7900725927788643,0.12429428326482385,0.0009875907409735804
3,0.002337494534,8556,800.0,1.4,0.1,0.71,8,8,65,0.9910976823824942,0.824925143284237,0.12404596089614507,0.0010311564291052963
3,0.002337494534,8556,800.0,1.4,0.1,0.71,8,8,65,1.2388721029781176,0.8724532206347383,0.12378564371350959,0.001090566525793423
3,0.002337494534,8556,800.0,1.4,0.1,0.71,8,8,65,1.4866465235737412,0.9342405126741924,0.12350735809018226,0.0011678006408427405
3,0.002337494534,8556,800.0,1.4,0.1,0.71,8,8,65,1.7344209441693648,1.012088155389409,0.12320835742818205,0.0012651101942367613
3,0.002337494534,8556,800.0,1.4,0.1,0.71,8,8,65,1.9821953647649884,1.1078735480160005,0.12288377172000176,0.0013848419350200006
3,0.002337494534,8556,800.0,1.4,0.1,0.71,8,8,65,2.2299697853606117,1.2234316781458645,0.12252727810766409,0.0015292895976823306
3,0.002337494534,8556,800.0,1.4,0.1,0.71,8,8,65,2.477744205956235,1.360367191508209,0.12213240599690775,0.0017004589893852612
3,0.002337494534,8556,800.0,1.4,0.1,0.71,8,8,65,2.725518626551859,1.52005806324408,0.12169219753455178,0.0019000725790551001
3,0.002337494534,8556,800.0,1.4,0.1,0.71,8,8,65,2.9732930471474823,1.7042351058563727,0.12119908376727836,0.002130293882320466
3,0.002337494534,8556,800.0,1.4,0.1,0.71,8,8,65,3.221067467743106,1.9164694752496467,0.12064352553238636,0.0023955868440620584
3,0.002337494534,8556,800.0,1.4,0.1,0.71,8,8,65,3.4688418883387295,2.164796457214542,0.12001658198635462,0.0027059955715181775
3,0.002337494534,8556,800.0,1.4,0.1,0.71,8,8,65,3.716616308934353,2.464571465471772,0.11930295695296729,0.003080714331839715
3,0.002337494534,8556,800.0,1.4,0.1,0.71,8,8,65,3.9643907295299767,2.8358314223451853,0.1184828528711785,0.0035447892779314817
3,0.002337494534,8556,800.0,1.4,0.1,0.71,8,8,65,4.2121651501256,3.290296184583152,0.1175305469857053,0.00411287023072894
3,0.002337494534,8556,800.0,1.4,0.1,0.71,8,8,65,4.4599395707212235,3.822573885428596,0.11641687466510506,0.004778217356785745
3,0.002337494534,8556,800.0,1.4,0.1,0.71,8,8,65,4.707713991316847,4.398658028012795,0.11512229151073732,0.005498322535015993
3,0.002337494534,8556,800.0,1.4,0.1,0.71,8,8,65,4.95548841191247,4.944769475167779,0.11364836611167481,0.006180961843959724
3,0.002337494534,8556,800.0,1.4,0.1,0.71,8,8,65,5.203262832508094,5.3937258642291805,0.11201929437646072,0.006742157330286476
3,0.002337494534,8556,800.0,1.4,0.1,0.71,8,8,65,5.451037253103718,5.729983445388791,0.11026980025604854,0.007162479306735988
3,0.002337494534,8556,800.0,1.4,0.1,0.71,8,8,65,5.698811673699341,5.996616521901413,0.10843193794925243,0.007495770652376766
3,0.002337494534,8556,800.0,1.4,0.1,0.71,8,8,65,5.946586094294965,6.249203089300417,0.10651824950998437,0.007811503861625522
3,0.002337494534,8556,800.0,1.4,0.1,0.71,8,8,65,6.1943605148905885,6.507753530850983,0.10452615462931801,0.00813469191356373
3,0.002337494534,8556,800.0,1.4,0.1,0.71,8,8,65,6.442134935486212,6.758842728809333,0.1024540296993958,0.008448553411011667
3,0.002337494534,8556,800.0,1.4,0.1,0.71,8,8,65,6.689909356081835,7.000053248104164,0.10030155576426912,0.008750066560130205
3,0.002337494534,8556,800.0,1.4,0.1,0.71,8,8,65,6.937683776677459,7.222625348307946,0.09807110020332967,0.009028281685384932
3,0.002337494534,8556,800.0,1.4,0.1,0.71,8,8,65,7.185458197273083,7.415115519219505,0.09577263752297151,0.009268894399024381
3,0.002337494534,8556,800.0,1.4,0.1,0.71,8,8,65,7.433232617868706,7.65036524451717,0.09340729150191572,0.009562956555646462
3,0.002337494534,8556,800.0,1.4,0.1,0.71,8,8,65,7.68100703846433,8.059556922977523,0.09093738030589539,0.010074446153721904
3,0.002337494534,8556,800.0,1.4,0.1,0.71,8,8,65,7.9287814590599535,8.553785592061928,0.08830963276939197,0.01069223199007741
3,0.002337494534,8556,800.0,1.4,0.1,0.71,8,8,65,8.176555879655577,8.892910358438275,0.08554575032968104,0.011116137948047843
3,0.002337494534,8556,800.0,1.4,0.1,0.71,8,8,65,8.4243303002512,9.069930640704593,0.08270342273966533,0.011337413300880742
3,0.002337494534,8556,800.0,1.4,0.1,0.71,8,8,65,8.672104720846823,9.1003356439605,0.07982005803064524,0.011375419554950625
3,0.002337494534,8556,800.0,1.4,0.1,0.71,8,8,65,8.919879141442447,9.09883130034639,0.07693063231955706,0.011373539125432987
3,0.002337494534,8556,800.0,1.4,0.1,0.71,8,8,65,9.16765356203807,8.983472116293619,0.07404957183992218,0.011229340145367023
3,0.002337494534,8556,800.0,1.4,0.1,0.71,8,8,65,9.415427982633695,8.716984914019664,0.07122385483457618,0.01089623114252458
3,0.002337494534,8556,800.0,1.4,0.1,0.71,8,8,65,9.663202403229318,8.412457786342687,0.06849518980383917,0.010515572232928358
3,0.002337494534,8556,800.0,1.4,0.1,0.71,8,8,65,9.91097682382494,8.133008833463984,0.06586248867754961,0.01016626104182998
3,0.002337494534,8556,800.0,1.4,0.1,0.71,8,8,65,10.158751244420564,7.88669535329546,0.06331351226384649,0.009858369191619325
3,0.002337494534,8556,800.0,1.4,0.1,0.71,8,8,65,10.406525665016188,7.659938020863724,0.06084693829868273,0.009574922526079655
3,0.002337494534,8556,800.0,1.4,0.1,0.71,8,8,65,10.654300085611812,7.416920624326741,0.0584636559328062,0.009271150780408426
3,0.002337494534,8556,800.0,1.4,0.1,0.71,8,8,65,10.902074506207436,7.124534930414787,0.0561668902972039,0.008905668663018484
3,0.002337494534,8556,800.0,1.4,0.1,0.71,8,8,65,11.14984892680306,6.759720059894518,0.05397322836734326,0.008449650074868148
3,0.002337494534,8556,800.0,1.4,0.1,0.71,8,8,65,11.397623347398682,6.3384907578800025,0.051904267586629214,0.007923113447350003
3,0.002337494534,8556,800.0,1.4,0.1,0.71,8,8,65,11.645397767994305,5.891860579649082,0.04997359757156345,0.007364825724561352
3,0.002337494534,8556,800.0,1.4,0.1,0.71,8,8,65,11.89317218858993,5.472816373725568,0.048183095265716916,0.0068410204671569596
3,0.002337494534,8556,800.0,1.4,0.1,0.71,8,8,65,12.140946609185553,5.1144486102676145,0.046518563326439125,0.0063930607628345185
3,0.002337494534,8556,800.0,1.4,0.1,0.71,8,8,65,12.388721029781177,4.812623208255594,0.04495903468057278,0.006015779010319493
3,0.002337494534,8556,800.0,1.4,0.1,0.71,8,8,65,12.6364954503768,4.555486225065488,0.04348805085157223,0.00569435778133186
3,0.002337494534,8556,800.0,1.4,0.1,0.71,8,8,65,12.884269870972425,4.3469459019280245,0.04209204028732474,0.005433682377410031
3,0.002337494534,8556,800.0,1.4,0.1,0.71,8,8,65,13.132044291568047,4.181965722109264,0.04075617641930284,0.00522745715263658
3,0.002337494534,8556,800.0,1.4,0.1,0.71,8,8,65,13.37981871216367,4.03288779625421,0.03946990697138709,0.005041109745317763
3,0.002337494534,8556,800.0,1.4,0.1,0.71,8,8,65,13.627593132759294,3.87676090710311,0.03823062837308173,0.004845951133878887
3,0.002337494534,8556,800.0,1.4,0.1,0.71,8,8,65,13.875367553354918,3.704117000260419,0.0370423116472319,0.004630146250325523
3,0.002337494534,8556,800.0,1.4,0.1,0.71,8,8,65,14.123141973950542,3.5150194158746952,0.035911004936274915,0.0043937742698433695
3,0.002337494534,8556,800.0,1.4,0.1,0.71,8,8,65,14.370916394546166,3.3168377929499893,0.0348405069058851,0.004146047241187487
3,0.002337494534,8556,800.0,1.4,0.1,0.71,8,8,65,14.618690815141788,3.119070560094735,0.03383247692906686,0.0038988382001184183
3,0.002337494534,8556,800.0,1.4,0.1,0.71,8,8,65,14.866465235737412,2.93377156898743,0.03288524185597168,0.0036672144612342875
3,0.002337494534,8556,800.0,1.4,0.1,0.71,8,8,65,15.114239656333035,2.772713596061002,0.031993441136623425,0.0034658919950762523
3,0.002337494534,8556,800.0,1.4,0.1,0.71,8,8,65,15.36201407692866,2.6396052493311,0.031148673611510646,0.0032995065616638754
3,0.002337494534,8556,800.0,1.4,0.1,0.71,8,8,65,15.609788497524283,2.5306125001967326,0.03034239704814056,0.0031632656252459155
3,0.002337494534,8556,800.0,1.4,0.1,0.71,8,8,65,15.857562918119907,2.437960179384859,0.029567998785437796,0.0030474502242310735
3,0.002337494534,8556,800.0,1.4,0.1,0.71,8,8,65,16.10533733871553,2.3532326894038267,0.0288210745570324,0.0029415408617547833
3,0.002337494534,8556,800.0,1.4,0.1,0.71,8,8,65,16.353111759311155,2.270361745642505,0.028100147191952866,0.002837952182053131
3,0.002337494534,8556,800.0,1.4,0.1,0.71,8,8,65,16.600886179906777,2.1864766916049585,0.027405237316103774,0.002733095864506198
3,0.002337494534,8556,800.0,1.4,0.1,0.71,8,8,65,16.8486606005024,2.101131576379082,0.026736740262946264,0.0026264144704738522
3,0.002337494534,8556,800.0,1.4,0.1,0.71,8,8,65,17.096435021098024,2.015594334856483,0.026095064729690375,0.002519492918570604
3,0.002337494534,8556,800.0,1.4,0.1,0.71,8,8,65,17.344209441693646,1.932192140330684,0.025480281719417373,0.002415240175413355
3,0.002337494534,8556,800.0,1.4,0.1,0.71,8,8,65,17.591983862289272,1.8531738972026945,0.02489119132780615,0.002316467371503368
3,0.002337494534,8556,800.0,1.4,0.1,0.71,8,8,65,17.839758282884894,1.7798303831509843,0.024325921376763388,0.00222478797893873
3,0.002337494534,8556,800.0,1.4,0.1,0.71,8,8,65,18.08753270348052,1.7123229139674891,0.023782989641439878,0.0021404036424593612
3,0.002337494534,8556,800.0,1.4,0.1,0.71,8,8,65,18.33530712407614,1.6500617030296925,0.023260364267526083,0.0020625771287871154
3,0.002337494534,8556,800.0,1.4,0.1,0.71,8,8,65,18.583081544671764,1.5922124655367444,0.022756412125712205,0.0019902655819209305
3,0.002337494534,8556,800.0,1.4,0.1,0.71,8,8,65,18.83085596526739,1.5379919056411582,0.022270128762496143,0.0019224898820514478
3,0.002337494534,8556,800.0,1.4,0.1,0.71,8,8,65,19.07863038586301,1.4867505865610482,0.02180027737400435,0.0018584382332013103
3,0.002337494534,8556,800.0,1.4,0.1,0.71,8,8,65,19.326404806458637,1.4379608774266597,0.021346013365835532,0.0017974510967833247
3,0.002337494534,8556,800.0,1.4,0.1,0.71,8,8,65,19.57417922705426,1.3912087422883577,0.02090671559494221,0.0017390109278604471
3,0.002337494534,8556,800.0,1.4,0.1,0.71,8,8,65,19.82195364764988,1.3462209953692454,0.020481754311977435,0.0016827762442115568
4,0.002337494534,8556,800.0,1.4,0.1,0.71,8,10,65,0.24777442059562355,0.7534049332956069,0.12476797571604789,0.0009417561666195086
4,0.002337494534,8556,800.0,1.4,0.1,0.71,8,10,65,0.4955488411912471,0.7665664125153714,0.12453399019537244,0.0009582080156442142
4,0.002337494534,8556,800.0,1.4,0.1,0.71,8,10,65,0.7433232617868706,0.7900725927983799,0.12429428326481912,0.000987590740997975
4,0.002337494534,8556,800.0,1.4,0.1,0.71,8,10,65,0.9910976823824942,0.824925143435504,0.12404596089611103,0.00103115642929438
4,0.002337494534,8556,800.0,1.4,0.1,0.71,8,10,65,1.2388721029781176,0.8724532220271795,0.12378564371336191,0.0010905665275339742
4,0.002337494534,8556,800.0,1.4,0.1,0.71,8,10,65,1.4866465235737412,0.9342405270456594,0.1235073580893068,0.0011678006588070743
4,0.002337494534,8556,800.0,1.4,0.1,0.71,8,10,65,1.7344209441693648,1.0120883006121955,0.1232083574221699,0.0012651103757652443
4,0.002337494534,8556,800.0,1.4,0.1,0.71,8,10,65,1.9821953647649884,1.1078747466386734,0.12288377167610919,0.0013848434332983416
4,0.002337494534,8556,800.0,1.4,0.1,0.71,8,10,65,2.2299697853606117,1.2234387196172194,0.12252727782697342,0.0015292983995215243
4,0.002337494534,8556,800.0,1.4,0.1,0.71,8,10,65,2.477744205956235,1.3603954649787056,0.12213240463630708,0.001700494331223382
4,0.002337494534,8556,800.0,1.4,0.1,0.71,8,10,65,2.725518626551859,1.520137796613221,0.12169219272336175,0.0019001722457665264
4,0.002337494534,8556,800.0,1.4,0.1,0.71,8,10,65,2.9732930471474823,1.7044014940032528,0.12119907112932606,0.002130501867504066
4,0.002337494534,8556,800.0,1.4,0.1,0.71,8,10,65,3.221067467743106,1.916745523082008,0.12064350010449817,0.00239593190385251
4,0.002337494534,8556,800.0,1.4,0.1,0.71,8,10,65,3.4688418883387295,2.165221807668462,0.12001654259816542,0.0027065272595855777
4,0.002337494534,8556,800.0,1.4,0.1,0.71,8,10,65,3.716616308934353,2.465394021193999,0.11930291757629691,0.0030817425264924986
4,0.002337494534,8556,800.0,1.4,0.1,0.71,8,10,65,3.9643907295299767,2.837856694728318,0.11848286588438635,0.0035473208684103975
4,0.002337494534,8556,800.0,1.4,0.1,0.71,8,10,65,4.2121651501256,3.2945185238749377,0.11753069312127438,0.004118148154843672
4,0.002337494534,8556,800.0,1.4,0.1,0.71,8,10,65,4.4599395707212235,3.829161133233217,0.11641723591280645,0.0047864514165415215
4,0.002337494534,8556,800.0,1.4,0.1,0.71,8,10,65,4.707713991316847,4.407668021260329,0.11512310667409828,0.005509585026575411
4,0.002337494534,8556,800.0,1.4,0.1,0.71,8,10,65,4.95548841191247,4.956629413643635,0.11364983216776807,0.006195786767054544
4,0.002337494534,8556,800.0,1.4,0.1,0.71,8,10,65,5.203262832508094,5.408050919741421,0.11202126997471946,0.006760063649676776
4,0.002337494534,8556,800.0,1.4,0.1,0.71,8,10,65,5.451037253103718,5.746556778859605,0.11027209268961177,0.0071831959735745065
4,0.002337494534,8556,800.0,1.4,0.1,0.71,8,10,65,5.698811673699341,6.011833019081999,0.10843443951905471,0.0075147912738524995
4,0.002337494534,8556,800.0,1.4,0.1,0.71,8,10,65,5.946586094294965,6.263225375630265,0.10652099244485,0.00782903171953783
4,0.002337494534,8556,800.0,1.4,0.1,0.71,8,10,65,6.1943605148905885,6.522948686847063,0.10452908611588231,0.008153685858558829
4,0.002337494534,8556,800.0,1.4,0.1,0.71,8,10,65,6.442134935486212,6.777054129698442,0.10245675377747242,0.008471317662123052
4,0.002337494534,8556,800.0,1.4,0.1,0.71,8,10,65,6.689909356081835,7.021342604967624,0.1003035088195769,0.00877667825620953
4,0.002337494534,8556,800.0,1.4,0.1,0.71,8,10,65,6.937683776677459,7.243517718233886,0.09807241059268336,0.009054397147792359
4,0.002337494534,8556,800.0,1.4,0.1,0.71,8,10,65,7.185458197273083,7.436288330758191,0.09577439564242209,0.009295360413447739
4,0.002337494534,8556,800.0,1.4,0.1,0.71,8,10,65,7.433232617868706,7.676931887942242,0.09340888878642246,0.009596164859927803
4,0.002337494534,8556,800.0,1.4,0.1,0.71,8,10,65,7.68100703846433,8.087893284481492,0.09093816995189176,0.010109866605601864
4,0.002337494534,8556,800.0,1.4,0.1,0.71,8,10,65,7.9287814590599535,8.57940486960166,0.08831176084830232,0.010724256087002075
4,0.002337494534,8556,800.0,1.4,0.1,0.71,8,10,65,8.176555879655577,8.926044322777319,0.08555038684712439,0.011157555403471648
4,0.002337494534,8556,800.0,1.4,0.1,0.71,8,10,65,8.4243303002512,9.115924023401965,0.08270646439280765,0.011394905029252455
4,0.002337494534,8556,800.0,1.4,0.1,0.71,8,10,65,8.672104720846823,9.158712229237887,0.07981941697192388,0.011448390286547358
4,0.002337494534,8556,800.0,1.4,0.1,0.71,8,10,65,8.919879141442447,9.173754371153557,0.07692317332965785,0.011467192963941946
4,0.002337494534,8556,800.0,1.4,0.1,0.71,8,10,65,9.16765356203807,9.07294345639888,0.0740312929448649,0.0113411793204986
4,0.002337494534,8556,800.0,1.4,0.1,0.71,8,10,65,9.415427982633695,8.799820517087726,0.0711935698135827,0.010999775646359657
4,0.002337494534,8556,800.0,1.4,0.1,0.71,8,10,65,9.663202403229318,8.48615783192709,0.06845526717815795,0.010607697289908862
4,0.002337494534,8556,800.0,1.4,0.1,0.71,8,10,65,9.91097682382494,8.20541617299972,0.06581406586503255,0.01025677021624965
4,0.002337494534,8556,800.0,1.4,0.1,0.71,8,10,65,10.158751244420564,7.954429344567648,0.06325644961335164,0.00994303668070956
4,0.002337494534,8556,800.0,1.4,0.1,0.71,8,10,65,10.406525665016188,7.718381626838924,0.06078147001666645,0.009647977033548655
4,0.002337494534,8556,800.0,1.4,0.1,0.71,8,10,65,10.654300085611812,7.460760940067959,0.05839152700878612,0.009325951175084949
4,0.002337494534,8556,800.0,1.4,0.1,0.71,8,10,65,10.902074506207436,7.157093811187829,0.05609179303009807,0.008946367263984786
4,0.002337494534,8556,800.0,1.4,0.1,0.71,8,10,65,11.14984892680306,6.788995131427624,0.05389777519895235,0.008486243914284531
4,0.002337494534,8556,800.0,1.4,0.1,0.71,8,10,65,11.397623347398682,6.3666045005319,0.05182909898351112,0.007958255625664875
4,0.002337494534,8556,800.0,1.4,0.1,0.71,8,10,65,11.645397767994305,5.916117457881283,0.0498989295008755,0.0073951468223516035
4,0.002337494534,8556,800.0,1.4,0.1,0.71,8,10,65,11.89317218858993,5.4902185204593446,0.04810956953714037,0.006862773150574181
4,0.002337494534,8556,800.0,1.4,0.1,0.71,8,10,65,12.140946609185553,5.128636389017241,0.046446811009001006,0.006410795486271551
4,0.002337494534,8556,800.0,1.4,0.1,0.71,8,10,65,12.388721029781177,4.827034261444966,0.04488903281058467,0.006033792826806208
4,0.002337494534,8556,800.0,1.4,0.1,0.71,8,10,65,12.6364954503768,4.572054078701986,0.04341915208828919,0.005715067598377482
4,0.002337494534,8556,800.0,1.4,0.1,0.71,8,10,65,12.884269870972425,4.365399180278606,0.04202288669081744,0.005456748975348258
4,0.002337494534,8556,800.0,1.4,0.1,0.71,8,10,65,13.132044291568047,4.201216114881068,0.04068539792898124,0.005251520143601335
4,0.002337494534,8556,800.0,1.4,0.1,0.71,8,10,65,13.37981871216367,4.0532824194584665,0.0393966279295541,0.005066603024323083
4,0.002337494534,8556,800.0,1.4,0.1,0.71,8,10,65,13.627593132759294,3.900784400949283,0.03815413722588834,0.004875980501186604
4,0.002337494534,8556,800.0,1.4,0.1,0.71,8,10,65,13.875367553354918,3.7327837900587673,0.0369614225833235,0.004665979737573459
4,0.002337494534,8556,800.0,1.4,0.1,0.71,8,10,65,14.123141973950542,3.5454960810962737,0.03582448739362937,0.004431870101370342
4,0.002337494534,8556,800.0,1.4,0.1,0.71,8,10,65,14.370916394546166,3.34457777898478,0.03474809010781732,0.004180722223730975
4,0.002337494534,8556,800.0,1.4,0.1,0.71,8,10,65,14.618690815141788,3.1421228849926446,0.03373504315464106,0.0039276536062408055
4,0.002337494534,8556,800.0,1.4,0.1,0.71,8,10,65,14.866465235737412,2.9526281444722544,0.03278395852308426,0.003690785180590318
4,0.002337494534,8556,800.0,1.4,0.1,0.71,8,10,65,15.114239656333035,2.7870956794462804,0.03188931532262742,0.0034838695993078504
4,0.002337494534,8556,800.0,1.4,0.1,0.71,8,10,65,15.36201407692866,2.6483235911458447,0.03104291617861762,0.003310404488932306
4,0.002337494534,8556,800.0,1.4,0.1,0.71,8,10,65,15.609788497524283,2.533335615265152,0.03023654161725014,0.0031666695190814397
4,0.002337494534,8556,800.0,1.4,0.1,0.71,8,10,65,15.857562918119907,2.436788953849621,0.029463443776212888,0.003045986192312026
4,0.002337494534,8556,800.0,1.4,0.1,0.71,8,10,65,16.10533733871553,2.351272244629427,0.028718541541020322,0.002939090305786784
4,0.002337494534,8556,800.0,1.4,0.1,0.71,8,10,65,16.353111759311155,2.2694083105355976,0.027999573921432156,0.0028367603881694968
4,0.002337494534,8556,800.0,1.4,0.1,0.71,8,10,65,16.600886179906777,2.1867819588574395,0.0273061891405792,0.0027334774485717993
4,0.002337494534,8556,800.0,1.4,0.1,0.71,8,10,65,16.8486606005024,2.1022616394047438,0.02663879957251675,0.0026278270492559297
4,0.002337494534,8556,800.0,1.4,0.1,0.71,8,10,65,17.096435021098024,2.017307969640653,0.02599789739053832,0.002521634962050816
4,0.002337494534,8556,800.0,1.4,0.1,0.71,8,10,65,17.344209441693646,1.934694419761622,0.025383533498335675,0.0024183680247020275
4,0.002337494534,8556,800.0,1.4,0.1,0.71,8,10,65,17.591983862289272,1.8567471142051506,0.024794431981040536,0.002320933892756438
4,0.002337494534,8556,800.0,1.4,0.1,0.71,8,10,65,17.839758282884894,1.7845161980841837,0.024228690423642486,0.0022306452476052296
4,0.002337494534,8556,800.0,1.4,0.1,0.71,8,10,65,18.08753270348052,1.7180262407514968,0.023684851158317238,0.002147532800939371
4,0.002337494534,8556,800.0,1.4,0.1,0.71,8,10,65,18.33530712407614,1.656805385467439,0.02316093862738745,0.0020710067318342987
4,0.002337494534,8556,800.0,1.4,0.1,0.71,8,10,65,18.583081544671764,1.600191293470639,0.022655305422062746,0.0020002391168382986
4,0.002337494534,8556,800.0,1.4,0.1,0.71,8,10,65,18.83085596526739,1.547432300821312,0.02216686935290012,0.00193429037602664
4,0.002337494534,8556,800.0,1.4,0.1,0.71,8,10,65,19.07863038586301,1.4977827464963989,0.02169434382148987,0.0018722284331204985
4,0.002337494534,8556,800.0,1.4,0.1,0.71,8,10,65,19.326404806458637,1.4506055548947365,0.021236852944858584,0.0018132569436184207
4,0.002337494534,8556,800.0,1.4,0.1,0.71,8,10,65,19.57417922705426,1.4054169125960407,0.020793787292078512,0.0017567711407450509
4,0.002337494534,8556,800.0,1.4,0.1,0.71,8,10,65,19.82195364764988,1.3618729427480631,0.020364568398522374,0.001702341178435079
5,0.002337494534,8556,800.0,1.4,0.1,0.71,8,12,65,0.24777442059562355,0.7534049332959998,0.12476797571604789,0.0009417561666199997
5,0.002337494534,8556,800.0,1.4,0.1,0.71,8,12,65,0.4955488411912471,0.766566412515785,0.12453399019537241,0.0009582080156447312
5,0.002337494534,8556,800.0,1.4,0.1,0.71,8,12,65,0.7433232617868706,0.790072592799013,0.12429428326481902,0.0009875907409987662
5,0.002337494534,8556,800.0,1.4,0.1,0.71,8,12,65,0.9910976823824942,0.8249251434396422,0.12404596089611031,0.0010311564292995528
5,0.002337494534,8556,800.0,1.4,0.1,0.71,8,12,65,1.2388721029781176,0.8724532220994013,0.12378564371335612,0.0010905665276242516
5,0.002337494534,8556,800.0,1.4,0.1,0.71,8,12,65,1.4866465235737412,0.9342405285015579,0.1235073580892457,0.0011678006606269473
5,0.002337494534,8556,800.0,1.4,0.1,0.71,8,12,65,1.7344209441693648,1.012088326232496,0.12320835742144144,0.00126511040779062
5,0.002337494534,8556,800.0,1.4,0.1,0.71,8,12,65,1.9821953647649884,1.107875063210691,0.12288377166777154,0.0013848438290133638
5,0.002337494534,8556,800.0,1.4,0.1,0.71,8,12,65,2.2299697853606117,1.223441148824825,0.12252727775374789,0.0015293014360310312
5,0.002337494534,8556,800.0,1.4,0.1,0.71,8,12,65,2.477744205956235,1.360407034951238,0.12213240419962113,0.0017005087936890475
5,0.002337494534,8556,800.0,1.4,0.1,0.71,8,12,65,2.725518626551859,1.5201741918656317,0.12169219096245437,0.0019002177398320397
5,0.002337494534,8556,800.0,1.4,0.1,0.71,8,12,65,2.9732930471474823,1.704482842947317,0.12119906610071468,0.0021306035536841463
5,0.002337494534,8556,800.0,1.4,0.1,0.71,8,12,65,3.221067467743106,1.9168853453698358,0.12064348943146416,0.0023961066817122945
5,0.002337494534,8556,800.0,1.4,0.1,0.71,8,12,65,3.4688418883387295,2.1654384598201797,0.12001652556708352,0.0027067980747752245
5,0.002337494534,8556,800.0,1.4,0.1,0.71,8,12,65,3.716616308934353,2.4658216847608334,0.1193029019949816,0.003082277105951042
5,0.002337494534,8556,800.0,1.4,0.1,0.71,8,12,65,3.9643907295299767,2.838994705510516,0.11848288806769189,0.003548743381888145
5,0.002337494534,8556,800.0,1.4,0.1,0.71,8,12,65,4.2121651501256,3.297052247377324,0.11753082149884397,0.004121315309221655
5,0.002337494534,8556,800.0,1.4,0.1,0.71,8,12,65,4.4599395707212235,3.8332469967545904,0.11641754615698062,0.004791558745943238
5,0.002337494534,8556,800.0,1.4,0.1,0.71,8,12,65,4.707713991316847,4.413238891185589,0.11512376820066383,0.005516548613981986
5,0.002337494534,8556,800.0,1.4,0.1,0.71,8,12,65,4.95548841191247,4.963995251109393,0.11365092484339698,0.0062049940638867415
5,0.002337494534,8556,800.0,1.4,0.1,0.71,8,12,65,5.203262832508094,5.416981332020984,0.11202268890837339,0.00677122666502623
5,0.002337494534,8556,800.0,1.4,0.1,0.71,8,12,65,5.451037253103718,5.756766044455625,0.11027372408281672,0.007195957555569531
5,0.002337494534,8556,800.0,1.4,0.1,0.71,8,12,65,5.698811673699341,6.020940107368965,0.10843626136580073,0.007526175134211206
5,0.002337494534,8556,800.0,1.4,0.1,0.71,8,12,65,5.946586094294965,6.271594760254418,0.10652300225708022,0.007839493450318022
5,0.002337494534,8556,800.0,1.4,0.1,0.71,8,12,65,6.1943605148905885,6.532036759459373,0.10453117817931623,0.008165045949324217
5,0.002337494534,8556,800.0,1.4,0.1,0.71,8,12,65,6.442134935486212,6.788112632195439,0.10245860297261604,0.0084851407902443
5,0.002337494534,8556,800.0,1.4,0.1,0.71,8,12,65,0.24777442059562355,0.7534049332959998,0.12476797571604789,0.0009417561666199997
5,0.002337494534,8556,800.0,1.4,0.1,0.71,8,12,65,0.4955488411912471,0.7665664125157851,0.12453399019537242,0.0009582080156447313
5,0.002337494534,8556,800.0,1.4,0.1,0.71,8,12,65,0.7433232617868706,0.7900725927990135,0.12429428326481905,0.000987590740998767
5,0.002337494534,8556,800.0,1.4,0.1,0.71,8,12,65,0.9910976823824942,0.8249251434396647,0.12404596089611034,0.001031156429299581
5,0.002337494534,8556,800.0,1.4,0.1,0.71,8,12,65,1.2388721029781176,0.8724532221001753,0.12378564371335578,0.0010905665276252192
5,0.002337494534,8556,800.0,1.4,0.1,0.71,8,12,65,1.4866465235737412,0.9342405285271862,0.12350735808923878,0.0011678006606589827
5,0.002337494534,8556,800.0,1.4,0.1,0.71,8,12,65,1.7344209441693648,1.0120883268575858,0.12320835742130382,0.0012651104085719823
5,0.002337494534,8556,800.0,1.4,0.1,0.71,8,12,65,1.9821953647649884,1.1078750712850445,0.12288377166547039,0.0013848438391063057
5,0.002337494534,8556,800.0,1.4,0.1,0.71,8,12,65,2.2299697853606117,1.2234411897805064,0.12252727772772569,0.001529301487225633
5,0.002337494534,8556,800.0,1.4,0.1,0.71,8,12,65,2.477744205956235,1.3604070308589158,0.12213240401780398,0.0017005087885736446
5,0.002337494534,8556,800.0,1.4,0.1,0.71,8,12,65,2.725518626551859,1.5201733596476708,0.12169219015364205,0.0019002166995595884
5,0.002337494534,8556,800.0,1.4,0.1,0.71,8,12,65,2.9732930471474823,1.7044789005054204,0.12119906364323378,0.0021305986256317756
5,0.002337494534,8556,800.0,1.4,0.1,0.71,8,12,65,3.221067467743106,1.9168745328481365,0.12064348399960638,0.0023960931660601706
5,0.002337494534,8556,800.0,1.4,0.1,0.71,8,12,65,3.4688418883387295,2.1654133270637597,0.12001651665906878,0.0027067666588296998
5,0.002337494534,8556,800.0,1.4,0.1,0.71,8,12,65,3.716616308934353,2.465749198299398,0.1193028942769565,0.0030821864978742477
5,0.002337494534,8556,800.0,1.4,0.1,0.71,8,12,65,3.9643907295299767,2.838779813363696,0.11848290744407831,0.00354847476670462
5,0.002337494534,8556,800.0,1.4,0.1,0.71,8,12,65,4.2121651501256,3.2965522712848174,0.11753092403143386,0.004120690339106022
5,0.002337494534,8556,800.0,1.4,0.1,0.71,8,12,65,4.4599395707212235,3.832319705817445,0.11641779791518732,0.004790399632271806
5,0.002337494534,8556,800.0,1.4,0.1,0.71,8,12,65,4.707713991316847,4.412059813562833,0.11512429532591743,0.0055150747669535415
5,0.002337494534,8556,800.0,1.4,0.1,0.71,8,12,65,4.95548841191247,4.962956341687229,0.11365175218263657,0.006203695427109036
5,0.002337494534,8556,800.0,1.4,0.1,0.71,8,12,65,5.203262832508094,5.416207973235243,0.1120237400110742,0.006770259966544053
5,0.002337494534,8556,800.0,1.4,0.1,0.71,8,12,65,5.451037253103718,5.756506921441713,0.11027493686660193,0.007195633651802142
5,0.002337494534,8556,800.0,1.4,0.1,0.71,8,12,65,5.698811673699341,6.020453996501434,0.10843765120204239,0.007525567495626793
5,0.002337494534,8556,800.0,1.4,0.1,0.71,8,12,65,5.946586094294965,6.271297828966913,0.10652454387002233,0.00783912228620864
5,0.002337494534,8556,800.0,1.4,0.1,0.71,8,12,65,6.1943605148905885,6.532305692166224,0.10453273084857787,0.00816538211520778
5,0.002337494534,8556,800.0,1.4,0.1,0.71,8,12,65,6.442134935486212,6.788756811722474,0.10245990279219112,0.008485946014653092
5,0.002337494534,8556,800.0,1.4,0.1,0.71,8,12,65,0.24777442059562355,0.7534049332959998,0.12476797571604788,0.0009417561666199997
5,0.002337494534,8556,800.0,1.4,0.1,0.71,8,12,65,0.4955488411912471,0.766566412515785,0.1245339901953724,0.0009582080156447312
5,0.002337494534,8556,800.0,1.4,0.1,0.71,8,12,65,0.7433232617868706,0.7900725927990131,0.12429428326481899,0.0009875907409987665
5,0.002337494534,8556,800.0,1.4,0.1,0.71,8,12,65,0.9910976823824942,0.8249251434396653,0.12404596089611021,0.0010311564292995816
5,0.002337494534,8556,800.0,1.4,0.1,0.71,8,12,65,1.2388721029781176,0.8724532221002568,0.12378564371335567,0.0010905665276253209
5,0.002337494534,8556,800.0,1.4,0.1,0.71,8,12,65,1.4866465235737412,0.9342405285319199,0.1235073580892375,0.0011678006606648998
5,0.002337494534,8556,800.0,1.4,0.1,0.71,8,12,65,1.7344209441693648,1.0120883270251517,0.12320835742126798,0.0012651104087814398
5,0.002337494534,8556,800.0,1.4,0.1,0.71,8,12,65,1.9821953647649884,1.1078750737447585,0.1228837716646494,0.001384843842180948
5,0.002337494534,8556,800.0,1.4,0.1,0.71,8,12,65,2.2299697853606117,1.2234411976510953,0.12252727771633848,0.001529301497063869
5,0.002337494534,8556,800.0,1.4,0.1,0.71,8,12,65,2.477744205956235,1.3604069476333853,0.1221324039277176,0.0017005086845417316
5,0.002337494534,8556,800.0,1.4,0.1,0.71,8,12,65,2.725518626551859,1.5201725761623344,0.12169218972138555,0.001900215720202918
5,0.002337494534,8556,800.0,1.4,0.1,0.71,8,12,65,2.9732930471474823,1.70447580765155,0.12119906226598084,0.0021305947595644374
5,0.002337494534,8556,800.0,1.4,0.1,0.71,8,12,65,3.221067467743106,1.9168666977268167,0.12064348085865395,0.002396083372158521
5,0.002337494534,8556,800.0,1.4,0.1,0.71,8,12,65,3.4688418883387295,2.1653963952824093,0.12001651138745884,0.0027067454941030115
5,0.002337494534,8556,800.0,1.4,0.1,0.71,8,12,65,3.716616308934353,2.4657020186879905,0.11930288985408236,0.003082127523359988
